run_id,test_loss,test_coverage,test_accuracy
1,1.0619499325752257,0.6178804908702576,0.6828509181450356
2,1.0230895668268203,0.6167133524526958,0.682150638032991
3,0.8965754210948944,0.6213818905400295,0.6872860255213195
4,0.6844543248414994,0.7072051077886344,0.7731092436974792
5,1.0187503397464752,0.6241830158856959,0.6872860255213195
